{
    "citation_recall": 33.33333333333333,
    "citation_precision": 18.333333333333336,
    "claim_recall": 16.666666666666664
}