{
    "recall": 33.33333333333333,
    "precision": 18.333333333333336
}