{
    "recall": 11.11111111111111,
    "precision": 11.11111111111111
}